,DATE,SERIES,OPEN,HIGH,LOW,PREV. CLOSE,LTP,CLOSE,VWAP,52W H,52W L,VOLUME,VALUE,NO OF TRADES,SYMBOL
0,2020-01-30,EQ,232.3,232.75,228.2,232.3,229.6,231.5,230.56,238.35,113.0,2192123,505417129.4,12795,ADANIENT
1,2020-01-29,EQ,231.7,238.35,231.0,229.9,231.75,232.3,234.67,238.35,113.0,3738186,877250878.8,23294,ADANIENT
2,2020-01-28,EQ,232.25,234.5,229.1,230.55,229.3,229.9,231.75,236.45,113.0,2161711,500970683.8,16321,ADANIENT
3,2020-01-27,EQ,229.5,236.45,226.05,229.75,230.7,230.55,233.17,236.45,113.0,5293975,1234387488.45,36646,ADANIENT
4,2020-01-24,EQ,225.5,232.4,219.0,229.6,229.0,229.75,226.83,232.4,113.0,7154795,1622948894.6,41155,ADANIENT
5,2020-01-23,EQ,226.0,231.2,225.75,225.9,228.7,229.6,229.03,232.25,113.0,2650092,606961652.9,15737,ADANIENT
6,2020-01-22,EQ,224.8,228.0,221.15,224.25,225.4,225.9,225.51,232.25,113.0,2939366,662858695.85,19573,ADANIENT
7,2020-01-21,EQ,224.35,227.0,220.5,226.55,223.65,224.25,224.05,232.25,113.0,2813526,630368841.25,19279,ADANIENT
8,2020-01-20,EQ,229.55,232.25,224.15,228.4,225.95,226.55,227.45,232.25,113.0,4546367,1034066184.25,31281,ADANIENT
9,2020-01-17,EQ,216.0,229.25,213.7,220.0,227.75,228.4,222.44,229.25,113.0,10810744,2404752505.95,48991,ADANIENT
10,2020-01-16,EQ,217.7,222.5,217.0,216.6,219.5,220.0,220.12,222.5,113.0,4280379,942179752.45,27655,ADANIENT
11,2020-01-15,EQ,214.5,218.0,212.5,214.35,218.0,216.6,215.4,221.5,113.0,1982079,426937660.75,11161,ADANIENT
12,2020-01-14,EQ,213.45,215.5,211.85,213.6,213.05,214.35,213.78,221.5,113.0,1775182,379506359.7,10469,ADANIENT
13,2020-01-13,EQ,210.65,216.25,209.6,209.1,212.6,213.6,213.6,221.5,113.0,3527267,753432390.9,20596,ADANIENT
14,2020-01-10,EQ,208.0,213.0,205.9,208.0,210.5,209.1,208.64,221.5,113.0,2769132,577749576.2,16595,ADANIENT
15,2020-01-09,EQ,201.9,208.9,201.9,201.5,208.0,208.0,205.9,221.5,113.0,3496063,719831005.25,20369,ADANIENT
16,2020-01-08,EQ,201.0,203.55,194.55,204.05,200.5,201.5,199.39,221.5,113.0,5762654,1149028631.95,35823,ADANIENT
17,2020-01-07,EQ,200.55,205.7,200.55,199.55,202.95,204.05,203.44,221.5,113.0,2966120,603438498.4,17757,ADANIENT
18,2020-01-06,EQ,207.75,207.75,197.75,208.3,199.35,199.55,200.83,221.5,113.0,4353179,874253932.35,25330,ADANIENT
19,2020-01-03,EQ,210.25,212.35,205.8,211.2,208.35,208.3,208.83,221.5,113.0,2512421,524673620.55,14792,ADANIENT
20,2020-01-02,EQ,208.0,213.2,207.5,207.85,210.9,211.2,210.76,221.5,113.0,2991937,630593790.0,19649,ADANIENT
21,2020-01-01,EQ,209.0,210.45,206.65,208.35,207.55,207.85,208.21,221.5,113.0,1553127,323377254.4,10641,ADANIENT
22,2019-12-31,EQ,208.7,210.75,207.65,208.65,207.7,208.35,208.95,221.5,113.0,1600059,334327365.75,9191,ADANIENT
23,2019-12-30,EQ,209.9,211.6,208.0,209.1,208.35,208.65,209.53,221.5,113.0,1938731,406227550.7,13068,ADANIENT
24,2019-12-27,EQ,209.05,211.2,207.1,208.95,210.0,209.1,209.33,221.5,113.0,2240503,469015593.35,12271,ADANIENT
25,2019-12-26,EQ,208.95,211.1,205.6,209.15,210.45,208.95,208.15,221.5,113.0,3299177,686718470.15,19516,ADANIENT
26,2019-12-24,EQ,214.55,216.95,207.6,214.55,208.85,209.15,212.21,221.5,113.0,2984621,633360473.55,18225,ADANIENT
27,2019-12-23,EQ,217.75,220.8,212.4,218.8,214.5,214.55,216.54,221.5,113.0,3709426,803238280.95,32301,ADANIENT
28,2019-12-20,EQ,210.0,220.8,209.5,210.55,217.6,218.8,217.04,221.5,113.0,6997898,1518804929.75,42167,ADANIENT
29,2019-12-19,EQ,207.65,211.0,206.75,208.15,210.5,210.55,209.58,221.5,113.0,2180662,457029411.7,12855,ADANIENT
30,2019-12-18,EQ,211.8,212.45,205.6,211.2,207.8,208.15,208.15,221.5,113.0,2542320,529190668.65,15181,ADANIENT
31,2019-12-17,EQ,210.5,213.2,210.0,210.5,211.15,211.2,211.29,221.5,113.0,1968218,415859379.7,9914,ADANIENT
32,2019-12-16,EQ,212.1,213.25,209.4,212.2,209.7,210.5,211.11,221.5,113.0,2184582,461186998.7,12092,ADANIENT
33,2019-12-13,EQ,210.5,213.25,208.5,210.4,211.85,212.2,211.42,221.5,113.0,2867800,606312865.0,19513,ADANIENT
34,2019-12-12,EQ,206.9,212.35,206.6,206.15,209.35,210.4,209.43,221.5,113.0,2958155,619522422.7,22984,ADANIENT
35,2019-12-11,EQ,203.1,207.8,202.65,204.2,205.6,206.15,205.36,221.5,113.0,2155584,442668476.95,17013,ADANIENT
36,2019-12-10,EQ,207.45,208.2,203.3,207.45,203.35,204.2,205.43,221.5,113.0,2139886,439587492.1,12408,ADANIENT
37,2019-12-09,EQ,205.9,209.7,202.4,206.5,207.35,207.45,206.88,221.5,113.0,2550809,527711887.75,16388,ADANIENT
38,2019-12-06,EQ,208.45,210.05,205.05,208.4,205.05,206.5,207.34,221.5,113.0,1958477,406062014.65,12979,ADANIENT
39,2019-12-05,EQ,213.0,213.7,207.35,212.45,207.65,208.4,209.56,221.5,113.0,2309030,483882449.85,15157,ADANIENT
40,2019-12-04,EQ,205.8,213.5,205.3,207.85,212.5,212.45,210.11,221.5,113.0,2917279,612936447.6,19342,ADANIENT
41,2019-12-03,EQ,208.0,209.95,203.55,209.0,206.7,207.85,206.76,221.5,113.0,2382612,492633069.9,16193,ADANIENT
42,2019-12-02,EQ,212.0,213.7,206.05,214.9,208.35,209.0,209.63,221.5,113.0,3169460,664413185.2,20785,ADANIENT
43,2019-11-29,EQ,212.4,221.5,211.7,213.1,213.6,214.9,217.45,221.5,113.0,7969827,1733065586.1,50943,ADANIENT
44,2019-11-28,EQ,212.8,216.2,210.5,213.55,211.95,213.1,213.89,217.7,113.0,4234343,905687060.75,39098,ADANIENT
45,2019-11-27,EQ,209.9,215.2,208.5,210.6,212.0,213.55,212.69,217.7,113.0,4051404,861702880.5,25843,ADANIENT
46,2019-11-26,EQ,214.75,217.7,207.15,215.2,210.0,210.6,211.75,217.7,113.0,5247790,1111216465.4,33673,ADANIENT
47,2019-11-25,EQ,201.9,216.25,201.6,203.45,215.5,215.2,211.2,216.25,113.0,6805228,1437242094.75,39031,ADANIENT
48,2019-11-22,EQ,204.75,206.3,200.1,205.5,202.0,203.45,203.24,212.25,113.0,2545651,517367034.15,16109,ADANIENT
49,2019-11-21,EQ,206.9,209.0,201.95,205.7,204.45,205.5,206.17,212.25,113.0,4409698,909161105.9,24824,ADANIENT
50,2019-11-20,EQ,198.5,207.45,198.1,199.7,204.4,205.7,203.66,212.25,113.0,3488019,710357907.8,21164,ADANIENT
51,2019-11-19,EQ,202.0,202.6,196.25,201.15,198.45,199.7,199.77,212.25,113.0,2954848,590302461.1,19218,ADANIENT
52,2019-11-18,EQ,203.8,205.6,200.1,203.6,200.15,201.15,203.22,212.25,113.0,2041767,414918973.95,13388,ADANIENT
53,2019-11-15,EQ,202.0,205.0,200.8,202.3,203.1,203.6,203.43,212.25,113.0,3314555,674275624.0,19200,ADANIENT
54,2019-11-14,EQ,196.25,203.15,194.05,198.2,201.6,202.3,200.54,212.25,113.0,4141184,830455493.8,28224,ADANIENT
55,2019-11-13,EQ,209.0,210.75,194.3,210.85,197.5,198.2,199.61,212.25,113.0,9836594,1963502356.15,63382,ADANIENT
56,2019-11-11,EQ,206.95,212.25,206.05,208.05,210.8,210.85,209.85,212.25,113.0,2907157,610068301.9,20360,ADANIENT
57,2019-11-08,EQ,208.7,212.0,206.2,209.15,207.25,208.05,209.64,212.0,113.0,4057743,850681983.5,23951,ADANIENT
58,2019-11-07,EQ,207.9,210.4,205.5,207.55,209.25,209.15,208.35,210.4,113.0,3959490,824965103.6,26887,ADANIENT
59,2019-11-06,EQ,199.0,209.7,198.6,200.55,207.2,207.55,205.94,209.7,113.0,6220311,1281001743.45,38205,ADANIENT
60,2019-11-05,EQ,200.0,201.5,197.7,200.9,200.0,200.55,199.69,203.9,113.0,2326138,464497562.1,16451,ADANIENT
61,2019-11-04,EQ,200.95,203.9,198.25,200.45,199.5,200.9,201.05,203.9,113.0,3965499,797281263.35,21529,ADANIENT
62,2019-11-01,EQ,199.0,202.4,196.2,199.65,199.85,200.45,199.4,202.4,113.0,3522957,702469075.2,20646,ADANIENT
63,2019-10-31,EQ,196.7,201.3,196.0,195.75,197.45,199.65,198.79,201.3,113.0,6584768,1308967220.75,36959,ADANIENT
64,2019-10-30,EQ,194.35,197.45,192.3,195.55,194.9,195.75,195.0,197.45,113.0,4791525,934371232.95,35683,ADANIENT
65,2019-10-29,EQ,182.8,197.0,182.35,183.4,192.95,195.55,191.58,197.0,113.0,9534790,1826682713.7,48833,ADANIENT
66,2019-10-27,EQ,182.9,184.25,182.0,181.3,182.8,183.4,183.15,184.25,113.0,1003414,183774395.3,6284,ADANIENT
67,2019-10-25,EQ,179.5,183.7,177.2,179.0,180.65,181.3,181.1,183.7,113.0,7857185,1422963394.95,42181,ADANIENT
68,2019-10-24,EQ,175.0,180.0,174.3,176.45,179.5,179.0,177.27,180.8,113.0,4753708,842684897.95,26028,ADANIENT
69,2019-10-23,EQ,178.75,178.75,172.4,178.65,175.8,176.45,175.63,180.8,113.0,4743985,833179725.2,25735,ADANIENT
70,2019-10-22,EQ,174.5,180.0,173.4,175.1,178.4,178.65,177.84,180.8,113.0,7909839,1406654337.9,33677,ADANIENT
71,2019-10-18,EQ,174.9,175.8,165.1,162.55,174.2,175.1,171.54,180.8,113.0,14162661,2429532220.05,76434,ADANIENT
72,2019-10-17,EQ,159.8,165.0,157.65,160.15,163.0,162.55,161.14,180.8,113.0,6523046,1051138372.85,31817,ADANIENT
73,2019-10-16,EQ,155.0,160.9,155.0,155.0,159.85,160.15,158.27,180.8,113.0,9587304,1517415199.1,59372,ADANIENT
74,2019-10-15,EQ,147.7,155.85,146.6,147.1,154.9,155.0,152.42,180.8,113.0,11048872,1684046273.75,62824,ADANIENT
75,2019-10-14,EQ,137.9,152.4,137.0,136.95,146.95,147.1,146.09,180.8,113.0,10795909,1577144711.85,55796,ADANIENT
76,2019-10-11,EQ,137.45,138.8,134.6,137.4,136.4,136.95,136.6,180.8,113.0,2780875,379879927.7,12898,ADANIENT
77,2019-10-10,EQ,138.0,139.1,135.3,139.0,136.75,137.4,137.04,180.8,113.0,2413888,330810348.5,13319,ADANIENT
78,2019-10-09,EQ,134.95,139.65,134.1,135.8,138.4,139.0,136.82,180.8,113.0,2682715,367061579.3,15509,ADANIENT
79,2019-10-07,EQ,138.45,140.0,135.25,140.0,135.5,135.8,137.22,180.8,113.0,2701943,370748869.45,12557,ADANIENT
80,2019-10-04,EQ,143.95,144.5,137.55,143.55,137.9,140.0,142.0,180.8,113.0,2382805,338348536.35,11951,ADANIENT
81,2019-10-03,EQ,143.0,145.0,141.4,143.65,142.85,143.55,143.2,180.8,113.0,2070232,296454352.75,11122,ADANIENT
82,2019-10-01,EQ,146.1,147.7,140.5,145.85,143.45,143.65,144.37,180.8,113.0,3732047,538810712.85,16300,ADANIENT
83,2019-09-30,EQ,149.1,149.75,143.75,149.45,145.5,145.85,145.91,180.8,113.0,3528313,514811290.0,17924,ADANIENT
84,2019-09-27,EQ,152.7,152.7,147.2,152.7,148.9,149.45,149.61,180.8,113.0,4016921,600973830.4,20727,ADANIENT
85,2019-09-26,EQ,148.45,155.4,146.65,147.55,151.9,152.7,152.2,180.8,113.0,7013490,1067472084.1,34442,ADANIENT
86,2019-09-25,EQ,149.7,151.0,145.5,148.05,147.1,147.55,148.45,180.8,113.0,4572108,678709978.8,27829,ADANIENT
87,2019-09-24,EQ,151.25,153.0,145.4,152.4,147.2,148.05,148.99,180.8,113.0,4576924,681934178.9,24217,ADANIENT
88,2019-09-23,EQ,154.0,154.0,147.55,149.1,149.5,152.4,150.91,180.8,113.0,4136992,624319958.3,19040,ADANIENT
89,2019-09-20,EQ,143.0,152.1,141.3,142.55,148.0,149.1,148.12,180.8,113.0,7545363,1117587702.55,33241,ADANIENT
90,2019-09-19,EQ,143.95,144.9,140.5,144.15,142.0,142.55,142.45,180.8,113.0,2662885,379336598.9,11865,ADANIENT
91,2019-09-18,EQ,144.0,146.0,142.1,143.75,145.0,144.15,144.15,180.8,113.0,3465608,499550406.85,18688,ADANIENT
92,2019-09-17,EQ,145.5,147.9,142.4,145.95,143.45,143.75,145.18,180.8,113.0,4167662,605060423.0,20490,ADANIENT
93,2019-09-16,EQ,144.0,147.2,143.15,145.75,145.45,145.95,145.57,180.8,113.0,3713796,540625710.75,21969,ADANIENT
94,2019-09-13,EQ,143.0,146.9,140.55,143.05,145.3,145.75,143.92,180.8,113.0,3561056,512489586.3,18665,ADANIENT
95,2019-09-12,EQ,144.85,146.3,142.05,143.95,142.45,143.05,143.75,180.8,113.0,3500479,503194921.45,18234,ADANIENT
96,2019-09-11,EQ,140.05,144.9,140.05,140.9,143.5,143.95,142.96,180.8,113.0,4245005,606870046.7,18344,ADANIENT
97,2019-09-09,EQ,137.8,141.75,136.35,137.75,140.05,140.9,139.76,180.8,113.0,4349296,607855209.95,18303,ADANIENT
98,2019-09-06,EQ,135.4,138.45,135.05,135.75,137.65,137.75,136.8,227.4,113.0,3744649,512276334.7,16142,ADANIENT
99,2019-09-05,EQ,135.0,138.65,133.35,134.95,135.35,135.75,135.8,227.4,113.0,6840367,928945875.25,33247,ADANIENT
100,2019-09-04,EQ,134.6,135.5,130.6,135.25,134.25,134.95,133.27,227.4,113.0,4313711,574908306.6,23172,ADANIENT
101,2019-09-03,EQ,135.6,136.9,133.0,137.35,133.25,135.25,135.55,227.4,113.0,3477541,471385820.35,15715,ADANIENT
102,2019-08-30,EQ,132.4,138.3,132.15,132.35,137.25,137.35,136.02,236.65,113.0,7806183,1061788119.35,39392,ADANIENT
103,2019-08-29,EQ,138.0,138.0,130.35,135.95,132.0,132.35,133.54,236.65,113.0,6108447,815729194.15,28610,ADANIENT
104,2019-08-28,EQ,136.2,137.1,132.15,137.15,135.75,135.95,134.84,236.65,113.0,5312871,716387912.2,18411,ADANIENT
105,2019-08-27,EQ,134.75,138.2,133.9,135.2,136.75,137.15,136.24,236.65,113.0,4495705,612509076.75,23115,ADANIENT
106,2019-08-26,EQ,132.1,135.95,128.3,131.3,134.75,135.2,133.17,236.65,113.0,5507570,733448998.2,26352,ADANIENT
107,2019-08-23,EQ,123.4,132.2,122.9,126.9,130.9,131.3,128.91,236.65,113.0,4374006,563842826.25,21883,ADANIENT
108,2019-08-22,EQ,130.95,131.3,126.1,131.9,126.5,126.9,128.76,236.65,113.0,3358838,432494621.8,18298,ADANIENT
109,2019-08-21,EQ,134.0,135.3,130.25,135.65,130.85,131.9,132.92,236.65,113.0,3426518,455438799.95,17219,ADANIENT
110,2019-08-20,EQ,135.7,136.8,132.05,135.5,134.35,135.65,134.61,236.65,113.0,4515865,607874944.15,23500,ADANIENT
111,2019-08-19,EQ,132.8,136.95,132.3,132.85,135.0,135.5,134.44,236.65,113.0,4261741,572938151.55,20548,ADANIENT
112,2019-08-16,EQ,130.0,133.95,128.15,130.65,133.7,132.85,131.5,236.65,113.0,4087073,537435782.8,20617,ADANIENT
113,2019-08-14,EQ,130.9,132.45,127.35,130.3,130.8,130.65,130.47,236.65,113.0,4761139,621188539.55,23786,ADANIENT
114,2019-08-13,EQ,133.0,133.9,128.6,132.4,129.65,130.3,131.44,236.65,113.0,4226112,555476397.0,20073,ADANIENT
115,2019-08-09,EQ,134.7,135.9,130.1,130.9,132.1,132.4,132.67,236.65,113.0,8589075,1139505665.95,40101,ADANIENT
116,2019-08-08,EQ,126.2,134.0,124.05,125.6,132.5,130.9,128.54,236.65,113.0,7070036,908817773.3,39009,ADANIENT
117,2019-08-07,EQ,128.2,130.15,124.6,128.2,125.8,125.6,127.2,236.65,113.0,3911797,497562759.1,22678,ADANIENT
118,2019-08-06,EQ,124.0,129.45,124.0,124.7,128.4,128.2,127.08,236.65,113.0,3899290,495539844.05,22625,ADANIENT
119,2019-08-05,EQ,126.2,126.4,121.15,128.1,124.45,124.7,123.65,236.65,113.0,5259236,650327794.9,24646,ADANIENT
120,2019-08-02,EQ,124.9,129.75,123.3,125.45,127.1,128.1,127.07,236.65,113.0,4637509,589285162.65,24016,ADANIENT
121,2019-08-01,EQ,128.6,129.1,123.0,128.8,125.15,125.45,125.38,236.65,113.0,4462938,559549320.65,29764,ADANIENT
122,2019-07-31,EQ,125.0,129.3,124.2,125.35,128.3,128.8,127.32,236.65,113.0,3665392,466671990.95,18409,ADANIENT
123,2019-07-30,EQ,128.0,131.0,123.85,129.45,125.55,125.35,127.24,236.65,113.0,4167043,530226464.5,20554,ADANIENT
124,2019-07-29,EQ,131.0,131.85,127.1,131.85,128.35,129.45,129.01,236.65,113.0,4349871,561155811.0,21143,ADANIENT
125,2019-07-26,EQ,129.4,134.2,128.4,129.4,131.6,131.85,131.9,236.65,113.0,3632048,479057772.7,20489,ADANIENT
126,2019-07-25,EQ,130.5,131.3,127.75,129.8,129.25,129.4,129.51,236.65,113.0,3977652,515133235.85,19142,ADANIENT
127,2019-07-24,EQ,133.45,134.0,127.85,134.05,129.45,129.8,130.04,236.65,113.0,5403438,702658790.25,23638,ADANIENT
128,2019-07-23,EQ,131.45,135.95,130.75,131.65,134.4,134.05,133.73,236.65,113.0,5753483,769396876.7,28265,ADANIENT
129,2019-07-22,EQ,130.75,134.2,128.7,131.4,131.6,131.65,131.57,236.65,113.0,5467444,719324405.2,27681,ADANIENT
130,2019-07-19,EQ,134.25,135.2,130.3,134.2,132.2,131.4,131.92,236.65,113.0,4256095,561481118.65,27023,ADANIENT
131,2019-07-18,EQ,137.7,137.95,133.35,138.05,134.15,134.2,135.42,236.65,113.0,4247055,575152398.75,23921,ADANIENT
132,2019-07-17,EQ,140.2,141.0,137.0,140.15,137.55,138.05,138.73,236.65,113.0,3984405,552764447.05,24201,ADANIENT
133,2019-07-16,EQ,137.9,140.95,136.6,137.95,139.9,140.15,139.03,236.65,113.0,4954078,688742991.65,25483,ADANIENT
134,2019-07-15,EQ,141.0,141.7,136.1,140.3,137.45,137.95,138.16,236.65,113.0,4491271,620530600.25,24662,ADANIENT
135,2019-07-12,EQ,141.0,143.45,137.8,141.0,140.9,140.3,140.39,236.65,108.7,6678610,937621322.3,33490,ADANIENT
136,2019-07-11,EQ,140.5,141.85,137.5,139.35,140.35,141.0,139.93,236.65,108.7,5098558,713444106.55,26841,ADANIENT
137,2019-07-10,EQ,142.0,142.5,137.25,141.15,138.95,139.35,139.44,236.65,108.7,5548654,773722873.05,26350,ADANIENT
138,2019-07-09,EQ,138.05,143.2,135.75,138.9,142.1,141.15,139.82,236.65,108.7,7317997,1023192143.75,41597,ADANIENT
139,2019-07-08,EQ,143.25,146.25,137.55,147.3,139.1,138.9,141.66,236.65,108.7,5896584,835294700.75,34336,ADANIENT
140,2019-07-05,EQ,156.3,156.85,145.85,156.1,146.8,147.3,151.21,236.65,100.85,6607087,999079096.2,39721,ADANIENT
141,2019-07-04,EQ,160.1,161.8,154.3,155.6,155.4,156.1,158.3,236.65,100.85,15687573,2483386013.9,79690,ADANIENT
142,2019-07-03,EQ,156.4,157.6,154.2,154.7,154.8,155.6,155.67,236.65,100.85,5661251,881287819.3,33800,ADANIENT
143,2019-07-02,EQ,154.9,158.2,151.4,154.1,154.2,154.7,154.71,236.65,100.85,11741576,1816562620.15,66615,ADANIENT
144,2019-07-01,EQ,150.65,155.6,148.05,150.5,153.95,154.1,152.49,236.65,100.85,6182608,942776917.85,33086,ADANIENT
145,2019-06-28,EQ,152.5,156.3,149.8,152.85,150.0,150.5,153.21,236.65,100.85,4642404,711243093.5,21905,ADANIENT
146,2019-06-27,EQ,152.3,154.95,151.5,153.8,152.7,152.85,153.37,236.65,100.85,2858423,438397477.05,15600,ADANIENT
147,2019-06-26,EQ,150.0,155.3,148.5,150.85,152.5,153.8,151.77,236.65,100.85,4779891,725467137.65,22805,ADANIENT
148,2019-06-25,EQ,146.5,151.95,144.85,147.75,149.5,150.85,148.36,236.65,100.85,4920288,729963562.8,20915,ADANIENT
149,2019-06-24,EQ,145.9,148.8,144.6,146.8,146.6,147.75,147.09,236.65,100.85,3240654,476670230.1,15888,ADANIENT
150,2019-06-21,EQ,147.0,152.0,145.95,148.45,146.0,146.8,148.53,236.65,100.85,4673136,694118444.25,24867,ADANIENT
151,2019-06-20,EQ,142.3,149.7,140.35,142.8,148.5,148.45,145.66,236.65,100.85,4477064,652109094.05,27337,ADANIENT
152,2019-06-19,EQ,148.45,149.75,140.6,147.95,141.5,142.8,144.83,236.65,100.85,4744374,687126982.45,28162,ADANIENT
153,2019-06-18,EQ,147.35,148.85,144.0,147.9,147.45,147.95,146.68,236.65,100.85,5764444,845532038.0,31823,ADANIENT
154,2019-06-17,EQ,153.0,153.95,147.25,152.45,148.2,147.9,149.34,236.65,100.85,3470303,518255904.25,24073,ADANIENT
155,2019-06-14,EQ,156.0,156.0,151.55,153.1,152.05,152.45,153.78,236.65,100.85,6589668,1013329409.45,36381,ADANIENT
156,2019-06-13,EQ,153.2,158.85,149.0,153.2,152.35,153.1,153.24,236.65,100.85,7968656,1221121179.65,41879,ADANIENT
157,2019-06-12,EQ,154.0,159.35,150.55,153.6,154.6,153.2,155.15,236.65,100.85,7477081,1160081368.4,44488,ADANIENT
158,2019-06-11,EQ,149.5,154.25,148.35,149.95,153.8,153.6,151.7,236.65,100.85,3413094,517778315.45,20745,ADANIENT
159,2019-06-10,EQ,152.0,155.5,147.0,151.35,150.1,149.95,150.98,236.65,100.85,3967379,598996463.4,23758,ADANIENT
160,2019-06-07,EQ,152.95,153.55,146.8,153.15,152.0,151.35,150.09,236.65,100.85,5016442,752919062.45,28649,ADANIENT
161,2019-06-06,EQ,156.9,157.8,151.2,157.6,151.75,153.15,153.9,236.65,100.85,3832155,589753127.75,22049,ADANIENT
162,2019-06-04,EQ,158.15,159.3,154.5,159.05,158.0,157.6,156.96,236.65,100.85,5502910,863740630.9,30946,ADANIENT
163,2019-06-03,EQ,154.0,161.9,151.65,154.75,158.6,159.05,157.21,236.65,100.85,7975636,1253889329.8,44818,ADANIENT
164,2019-05-31,EQ,158.5,159.3,149.1,158.1,154.0,154.75,154.37,236.65,100.85,7553254,1165985282.35,41292,ADANIENT
165,2019-05-30,EQ,158.1,159.4,155.1,155.15,158.05,158.1,157.18,236.65,100.85,6740283,1059433609.0,37195,ADANIENT
166,2019-05-29,EQ,157.95,158.4,151.75,157.65,157.0,155.15,154.95,236.65,100.85,12993604,2013319205.7,77069,ADANIENT
167,2019-05-28,EQ,157.1,160.35,156.05,157.2,157.85,157.65,157.83,236.65,100.85,5456461,861168561.8,34877,ADANIENT
168,2019-05-27,EQ,159.1,160.7,155.15,156.4,157.0,157.2,157.71,236.65,100.85,9664810,1524194070.35,50796,ADANIENT
169,2019-05-24,EQ,162.35,163.75,151.85,161.05,159.15,156.4,155.82,236.65,100.85,19435041,3028279547.7,107575,ADANIENT
170,2019-05-23,EQ,169.5,180.8,157.7,157.95,160.85,161.05,169.74,236.65,100.85,61334483,10410635216.8,330692,ADANIENT
171,2019-05-22,EQ,155.05,158.8,152.8,154.65,158.15,157.95,156.34,236.65,100.85,13565092,2120740531.9,81562,ADANIENT
172,2019-05-21,EQ,154.7,158.95,148.45,151.95,155.0,154.65,153.75,236.65,100.85,39732349,6108947866.75,207105,ADANIENT
173,2019-05-20,EQ,131.2,154.9,128.1,119.3,153.85,151.95,142.46,236.65,100.85,37670288,5366622157.3,193641,ADANIENT
174,2019-05-17,EQ,117.75,120.55,116.1,118.8,118.7,119.3,118.53,236.65,100.85,4631007,548907535.6,31960,ADANIENT
175,2019-05-16,EQ,118.1,119.5,113.0,117.4,118.45,118.8,117.12,236.65,100.85,5368281,628713585.3,32052,ADANIENT
176,2019-05-15,EQ,124.2,124.95,116.1,123.35,117.0,117.4,119.3,236.65,100.85,3659017,436516152.85,26828,ADANIENT
177,2019-05-14,EQ,116.35,124.55,115.0,117.6,123.75,123.35,120.49,236.65,100.85,4548264,548014070.15,30320,ADANIENT
178,2019-05-13,EQ,120.7,120.9,116.65,120.0,117.3,117.6,118.87,236.65,100.85,2124122,252488710.45,10899,ADANIENT
179,2019-05-10,EQ,121.0,122.3,119.25,120.1,119.95,120.0,120.73,236.65,100.85,2835247,342313141.35,13435,ADANIENT
180,2019-05-09,EQ,121.9,122.2,119.15,120.9,120.6,120.1,120.39,236.65,100.85,2907774,350059630.6,13797,ADANIENT
181,2019-05-08,EQ,121.8,123.65,120.4,122.35,121.1,120.9,121.89,236.65,100.85,2661345,324388610.3,15803,ADANIENT
182,2019-05-07,EQ,126.4,127.0,120.05,125.6,121.85,122.35,124.37,236.65,100.85,4593214,571259198.05,27660,ADANIENT
183,2019-05-06,EQ,125.75,127.4,125.05,128.3,125.15,125.6,126.14,236.65,100.85,1996014,251777303.95,10237,ADANIENT
184,2019-05-03,EQ,124.0,129.0,123.0,126.65,127.7,128.3,126.72,236.65,100.85,6222801,788539461.85,33375,ADANIENT
185,2019-05-02,EQ,126.0,130.0,124.8,127.05,126.35,126.65,127.15,236.65,100.85,3754433,477367644.65,17721,ADANIENT
186,2019-04-30,EQ,131.8,131.8,125.0,131.4,126.7,127.05,127.2,236.65,100.85,4006829,509652053.7,21582,ADANIENT
187,2019-04-26,EQ,135.0,135.65,130.25,134.75,131.0,131.4,132.06,236.65,100.85,4350584,574537235.45,45517,ADANIENT
188,2019-04-25,EQ,135.1,137.0,133.85,136.15,134.75,134.75,135.39,236.65,100.85,2112063,285956968.45,12112,ADANIENT
189,2019-04-24,EQ,132.75,137.1,132.1,132.5,135.75,136.15,134.67,236.65,100.85,4329268,583015506.75,18780,ADANIENT
190,2019-04-23,EQ,135.4,136.3,131.55,135.15,132.7,132.5,133.88,236.65,100.85,4084835,546870158.15,19093,ADANIENT
191,2019-04-22,EQ,138.0,138.65,134.35,138.6,134.6,135.15,136.59,236.65,100.85,3189574,435650073.4,21548,ADANIENT
192,2019-04-18,EQ,143.1,144.45,137.65,143.05,137.9,138.6,139.71,236.65,100.85,3954004,552400028.5,26105,ADANIENT
193,2019-04-16,EQ,142.2,145.35,142.2,142.95,142.6,143.05,143.76,236.65,100.85,3648947,524562369.05,21447,ADANIENT
194,2019-04-15,EQ,141.0,145.15,140.55,141.4,142.5,142.95,142.82,236.65,100.85,4375074,624827383.8,24852,ADANIENT
195,2019-04-12,EQ,140.8,144.45,139.2,141.0,140.8,141.4,141.56,236.65,100.85,5769634,816739997.25,30386,ADANIENT
196,2019-04-11,EQ,142.75,143.15,138.6,142.85,139.95,141.0,140.95,236.65,100.85,3535449,498317590.7,24126,ADANIENT
197,2019-04-10,EQ,145.75,147.4,142.05,146.0,142.45,142.85,144.02,236.65,100.85,4356153,627382040.25,29551,ADANIENT
198,2019-04-09,EQ,142.3,147.0,137.45,141.95,145.3,146.0,142.8,236.65,100.85,8432342,1204169366.0,51465,ADANIENT
199,2019-04-08,EQ,147.5,148.65,141.1,146.9,141.5,141.95,144.0,236.65,100.85,4399839,633572319.95,24011,ADANIENT
200,2019-04-05,EQ,148.0,149.2,146.2,147.5,146.85,146.9,147.41,236.65,100.85,2004719,295506165.0,13247,ADANIENT
201,2019-04-04,EQ,147.95,150.3,145.45,147.55,147.4,147.5,147.95,236.65,100.85,3963980,586466222.2,26648,ADANIENT
202,2019-04-03,EQ,150.3,152.65,146.6,151.65,147.05,147.55,149.96,236.65,100.85,3416023,512276086.9,20604,ADANIENT
203,2019-04-02,EQ,151.7,153.3,148.35,151.45,150.75,151.65,151.27,236.65,100.85,6228254,942141593.15,37723,ADANIENT
204,2019-04-01,EQ,147.45,153.2,145.1,146.75,150.25,151.45,149.4,236.65,100.85,7938713,1186070752.65,46237,ADANIENT
205,2019-03-29,EQ,139.6,150.2,139.3,137.8,146.6,146.75,146.59,236.65,100.85,13910654,2039219579.35,72873,ADANIENT
206,2019-03-28,EQ,138.45,143.15,136.3,137.5,137.9,137.8,139.87,236.65,100.85,3966292,554773318.6,21095,ADANIENT
207,2019-03-27,EQ,138.55,140.95,136.25,138.3,138.0,137.5,138.52,236.65,100.85,2778662,384904349.6,17700,ADANIENT
208,2019-03-26,EQ,134.9,140.0,133.4,134.35,138.0,138.3,137.92,236.65,100.85,4180951,576624529.55,22228,ADANIENT
209,2019-03-25,EQ,137.0,137.6,133.5,138.25,133.8,134.35,135.39,236.65,100.85,2977535,403136206.55,16212,ADANIENT
210,2019-03-22,EQ,140.7,141.45,137.05,139.45,137.4,138.25,139.06,236.65,100.85,3147147,437645891.8,19336,ADANIENT
211,2019-03-20,EQ,142.0,142.7,138.05,142.0,138.9,139.45,140.39,236.65,100.85,3242462,455218805.2,17519,ADANIENT
212,2019-03-19,EQ,144.45,144.85,140.5,143.9,140.9,142.0,142.52,236.65,100.85,4320808,615802651.0,24731,ADANIENT
213,2019-03-18,EQ,142.4,145.0,140.35,141.85,143.8,143.9,142.61,236.65,100.85,4934286,703674666.1,24964,ADANIENT
214,2019-03-15,EQ,145.8,148.9,140.25,145.55,141.3,141.85,144.34,236.65,100.85,5981701,863422330.55,30571,ADANIENT
215,2019-03-14,EQ,147.4,149.2,143.6,147.35,144.65,145.55,145.77,236.65,100.85,4052596,590758829.3,21383,ADANIENT
216,2019-03-13,EQ,148.4,150.4,145.4,148.4,147.4,147.35,147.57,236.65,100.85,5700158,841158930.7,31730,ADANIENT
217,2019-03-12,EQ,140.5,150.75,140.05,139.05,147.7,148.4,146.61,236.65,100.85,12543653,1839074183.75,66627,ADANIENT
218,2019-03-11,EQ,137.85,140.95,137.6,138.2,139.15,139.05,139.49,236.65,100.85,2550759,355797755.5,14684,ADANIENT
219,2019-03-08,EQ,135.75,139.35,135.4,136.9,137.55,138.2,137.54,236.65,100.85,3681442,506327795.5,26547,ADANIENT
220,2019-03-07,EQ,139.0,140.95,135.3,139.25,136.95,136.9,138.23,236.65,100.85,3496617,483329484.25,21476,ADANIENT
221,2019-03-06,EQ,142.75,143.75,138.2,141.8,138.7,139.25,140.48,236.65,100.85,4856085,682183468.1,25264,ADANIENT
222,2019-03-05,EQ,132.5,143.7,132.0,133.85,140.0,141.8,139.24,236.65,100.85,7598974,1058072337.45,45175,ADANIENT
223,2019-03-01,EQ,130.35,135.2,128.85,128.85,133.0,133.85,132.7,236.65,100.85,7738116,1026822812.35,37896,ADANIENT
224,2019-02-28,EQ,133.5,134.2,128.0,132.25,128.25,128.85,131.28,236.65,100.85,3960957,519985309.3,20455,ADANIENT
225,2019-02-27,EQ,133.8,136.3,129.55,132.1,131.8,132.25,133.27,236.65,100.85,5875292,783010835.15,33105,ADANIENT
226,2019-02-26,EQ,130.0,134.3,128.0,132.0,133.0,132.1,131.44,236.65,100.85,8879092,1167098695.5,47200,ADANIENT
227,2019-02-25,EQ,125.0,133.9,123.0,128.05,130.65,132.0,129.6,236.65,100.85,12769956,1654936163.4,70459,ADANIENT
228,2019-02-22,EQ,120.25,130.7,119.8,119.4,124.5,128.05,125.81,236.65,100.85,14695085,1848851227.7,73657,ADANIENT
229,2019-02-21,EQ,119.8,121.0,117.9,120.05,119.05,119.4,119.54,236.65,100.85,2698192,322554413.9,18870,ADANIENT
230,2019-02-20,EQ,117.95,121.1,116.2,118.25,118.8,120.05,119.6,236.65,100.85,3739081,447177285.8,18731,ADANIENT
231,2019-02-19,EQ,118.4,119.8,116.8,117.5,116.8,118.25,118.27,236.65,100.85,2644152,312734434.15,13436,ADANIENT
232,2019-02-18,EQ,118.3,119.9,116.1,119.8,117.15,117.5,118.02,236.65,100.85,2569451,303238975.9,16074,ADANIENT
233,2019-02-15,EQ,118.15,121.15,116.5,118.1,118.2,119.8,118.96,236.65,100.85,4509378,536451823.35,24725,ADANIENT
234,2019-02-14,EQ,118.45,119.5,116.0,119.55,117.8,118.1,117.5,236.65,100.85,4962697,583127698.9,33691,ADANIENT
235,2019-02-13,EQ,117.0,125.6,115.5,116.95,115.95,119.55,120.92,236.65,100.85,9784596,1183106581.45,50621,ADANIENT
236,2019-02-12,EQ,117.2,120.0,115.35,118.2,115.65,116.95,117.58,236.65,100.85,3698931,434938778.95,20767,ADANIENT
237,2019-02-11,EQ,122.95,123.25,115.8,123.75,117.2,118.2,118.81,236.65,100.85,7048335,837384807.9,33383,ADANIENT
238,2019-02-08,EQ,123.0,125.45,115.7,123.95,122.0,123.75,121.91,236.65,100.85,8059813,982600893.5,45346,ADANIENT
239,2019-02-07,EQ,122.2,126.8,119.05,122.9,123.3,123.95,123.26,236.65,100.85,9826247,1211162999.25,53136,ADANIENT
240,2019-02-06,EQ,123.85,124.2,114.8,124.25,121.95,122.9,120.21,236.65,100.85,9905219,1190740530.05,45393,ADANIENT
241,2019-02-05,EQ,122.0,127.4,119.6,123.1,122.05,124.25,124.08,236.65,100.85,8484607,1052772159.05,39749,ADANIENT
242,2019-02-04,EQ,142.9,142.9,121.3,143.0,121.95,123.1,127.65,236.65,100.85,9832462,1255108533.5,55474,ADANIENT
243,2019-02-01,EQ,136.95,144.8,134.55,137.15,142.65,143.0,140.8,236.65,100.85,7091209,998418569.55,43786,ADANIENT
244,2019-01-31,EQ,139.5,141.75,135.0,139.9,136.0,137.15,137.9,236.65,100.85,3498642,482472334.2,19195,ADANIENT
245,2019-01-30,EQ,140.9,141.5,136.5,140.8,138.9,139.9,138.76,236.65,100.85,3102926,430573232.4,19542,ADANIENT
246,2019-01-29,EQ,136.45,143.8,133.6,136.4,139.65,140.8,138.55,236.65,100.85,4301493,595967759.6,29415,ADANIENT
247,2019-01-28,EQ,138.0,141.0,118.95,137.35,138.0,136.4,133.62,236.65,100.85,9404485,1256603126.9,45870,ADANIENT
248,2019-01-25,EQ,142.85,145.45,136.15,142.55,137.0,137.35,140.96,236.65,100.85,3297651,464830762.35,17143,ADANIENT
249,2019-01-24,EQ,143.0,144.05,141.1,143.0,142.95,142.55,142.44,236.65,100.85,1678843,239131538.9,8688,ADANIENT
250,2019-01-23,EQ,145.5,146.5,142.05,145.7,142.2,143.0,143.88,236.65,100.85,2322990,334232958.6,11100,ADANIENT
251,2019-01-22,EQ,145.4,146.65,141.7,145.95,145.6,145.7,144.39,236.65,100.85,2261667,326568620.2,11604,ADANIENT
252,2019-01-21,EQ,146.5,148.0,144.25,146.75,144.3,145.95,146.0,236.65,100.85,1763205,257422094.85,10284,ADANIENT
253,2019-01-18,EQ,149.7,149.8,144.55,149.0,146.55,146.75,147.01,236.65,100.85,2306520,339079219.5,12648,ADANIENT
254,2019-01-17,EQ,148.4,151.25,146.35,148.45,148.5,149.0,148.99,236.65,100.85,2618859,390194876.65,18145,ADANIENT
255,2019-01-16,EQ,148.2,150.7,148.0,148.65,148.5,148.45,148.87,236.65,100.85,1574176,234346815.3,11340,ADANIENT
256,2019-01-15,EQ,148.5,149.95,147.25,148.35,148.3,148.65,148.63,236.65,100.85,1805678,268371831.6,10461,ADANIENT
257,2019-01-14,EQ,151.0,151.15,147.0,151.5,148.2,148.35,148.28,236.65,100.85,2624582,389176387.2,13599,ADANIENT
258,2019-01-11,EQ,151.1,152.6,149.1,151.1,150.35,151.5,150.79,236.65,100.85,2254999,340027487.45,11453,ADANIENT
259,2019-01-10,EQ,151.0,151.8,148.5,149.35,151.5,151.1,150.34,236.65,100.85,3534546,531379659.1,21904,ADANIENT
260,2019-01-09,EQ,153.6,154.45,147.6,153.45,149.0,149.35,149.69,236.65,100.85,4054809,606944837.95,21522,ADANIENT
261,2019-01-08,EQ,150.5,154.3,149.65,151.25,153.1,153.45,151.93,236.65,100.85,2791866,424156560.0,16925,ADANIENT
262,2019-01-07,EQ,152.9,154.45,150.25,152.55,150.8,151.25,152.09,236.65,100.85,2714218,412803060.9,13982,ADANIENT
263,2019-01-04,EQ,152.1,154.0,150.0,152.5,151.0,152.55,151.94,236.65,100.85,2777308,421971343.85,15629,ADANIENT
264,2019-01-03,EQ,154.9,156.1,150.3,154.85,152.0,152.5,153.22,236.65,100.85,2758876,422705192.5,14426,ADANIENT
265,2019-01-02,EQ,157.0,157.85,152.5,157.25,154.5,154.85,155.46,236.65,100.85,2735262,425224680.05,15331,ADANIENT
266,2019-01-01,EQ,160.9,162.35,155.45,161.0,157.05,157.25,158.02,236.65,100.85,4726656,746902542.0,26782,ADANIENT
